Unix time,low,high,open,close,volume
1632175200,43499.98,43541.76,43500,43541.75,2.490843871632175200,43499.98,43541.76,43500,43541.75,2.49084387
1632175260,43541.76,43560.22,43541.76,43560.2,0.69408848
1632175320,43544.44,43561.16,43561.16,43544.44,0.00137676
1632175380,43544.01,43544.49,43544.01,43544.47,0.16671194
1632175440,43548.63,43661,43548.63,43660.98,9.51230878
1632175560,43523.17,43524.73,43524.73,43524.73,0.00571669
1632175620,43524.73,43598.1,43524.73,43598.08,3.94786232
1632175680,43599.7,43648.17,43599.7,43648.15,6.77114482
1632175740,43648.87,43682.68,43648.87,43682.66,1.11114392
1632175860,43691.81,43754.58,43691.81,43754.56,9.42114202
1632175920,43715.08,43754.93,43754.93,43715.08,0.00137127
1632175980,43701.4,43754.93,43754.93,43701.4,2.29137162
1632176040,43696.5,43745.12,43745.12,43696.5,1.00274347
1632176100,43697.44,43741.15,43740.21,43739.7,0.00274249
1632176220,43740.47,43758.51,43740.47,43758.49,1.24114192
1632176280,43758.75,43758.75,43758.75,43758.75,0.02
1632176340,43759.4,43779.02,43759.4,43779,1.3311414
1632176400,43780.84,43800.58,43780.84,43800.58,3.66136878
1632176460,43835.69,43835.7,43835.69,43835.7,0.123
1632176520,43781.24,43835.7,43835.7,43781.24,0.0027382
1632176580,43793.74,43835.7,43835.7,43834.75,0.0027365
1632176640,43811.86,43811.88,43811.86,43811.86,0.00228168
1632176760,43831.37,43836.78,43835.7,43831.37,0.10114002
1632176820,43792.63,43834.74,43834.74,43792.63,0.00159658
1632176940,43767.1,43834.74,43834.74,43767.23,6.23273896
1632177000,43778.34,43834.74,43834.74,43778.34,0.03255163
1632177060,43792.15,43822.13,43822.13,43792.15,0.0013689
1632177120,43792.59,43794.36,43792.59,43794.34,0.341141
1632177180,43794.56,43798.44,43794.56,43798.42,0.44114087
1632177300,43798.67,43886.06,43798.67,43886.04,9.57924503
1632177360,43748.35,43976.24,43976,43748.35,0.0820531
1632177420,43851.36,43976.24,43851.36,43917.63,2.19250324
1632177480,43976.24,44006.47,43976.24,44006.47,1.99007486
1632177540,43860.77,44006.47,44006.47,43860.77,0.00136616
1632177600,43850.42,44006.47,44006.47,43863.94,0.00273247
1632177660,43853.99,44006.64,44006.47,43853.99,2.02374174
1632177720,43861.48,43891.97,43891.97,43891.97,0.00159423
1632177780,43817.4,43851.04,43851.04,43817.4,2.22114037
1632177840,43767.46,43891.97,43891.97,43767.46,1.5094756
1632177960,43666.7,43891.97,43891.97,43666.7,2.00137124
1632178080,43632.49,43689.1,43665.59,43632.49,1.27251896
1632178140,43566.17,43689.1,43689.1,43566.17,2.51332123
1632178200,43689.1,43710.07,43689.1,43710.07,0.9986181
1632178260,43358.11,44147.94,44147.94,43358.11,7.50468364
1632178320,43791.71,44147.94,43791.71,44147.94,0.04564965
1632178380,43340,43357.47,43357.47,43340,0.27943543
1632178440,41229.12,42947,42947,41229.12,0.59859067
1632178500,42500,42500,42500,42500,0.00234123
1632178560,42500,42501.82,42500,42501.82,0.20132354
1632178620,41223.64,42501.82,42501.82,41223.64,1.03175687
1632178680,42502.14,43305.13,42502.14,43261.8,9.04310309
1632178740,43334.6,43348.43,43348.43,43334.6,0.00138344
1632178800,43343.22,43348.43,43348.43,43348.43,14.52667889
1632178860,43295.23,43348.43,43348.43,43317.87,1.26796393
1632178920,43348.43,43454,43348.43,43453.98,6.5665845
1632178980,43449.05,47596.43,43775,47596.43,0.72729417
1632179040,43580.27,48600,47952,48600,1.04928343
1632179100,43261.8,48600,45000,48600,1.24961313
1632179160,44900.48,54760.97,54760.97,44900.48,7.01106008
1632179220,43224.25,48600,48600,48600,1.22515534
1632179280,43245.48,43315.91,43272.64,43245.48,0.07535588
1632179340,43273.61,43315.91,43315.91,43273.61,2.00115472
1632179400,43080.99,43315.91,43315.91,43080.99,0.00278027
1632179460,40816.82,43315.91,43315.91,43044.32,1.0994587
1632179520,43044.32,43059.58,43044.32,43059.56,0.13951213
1632179640,42967.32,43316.5,42967.34,43144.92,2.00555161
1632179700,40815.16,43325.71,43316.5,43325.71,1.11307895
1632179760,40510.71,46440.62,43749.66,40510.71,1.54353684
1632179820,43045.73,46461,43045.73,46461,2.30538819
1632179880,43102.48,46470.65,46461,43102.48,2.22373224
1632179940,40489.45,46477.94,43000,46477.94,2.19990323
1632180000,41132,45576,44280,43034.7,1.02407123
1632180060,43017.08,45576,45576,43017.08,1.39161957
1632180120,43017.1,43017.1,43017.1,43017.1,0.00023211
1632180180,42889,43017.1,43016.57,42889,4.43501411
1632180360,42714.29,42714.39,42714.29,42714.39,1.00233852
1632180480,42714.39,42779.17,42714.39,42779.17,5.11023283
1632180600,42604.83,42779.17,42779.17,42604.83,7.59312952
1632180660,42598.9,42779.17,42779.17,42622.43,1.13281301
1632180720,42571.62,42623.02,42623.02,42571.62,1.85140801
1632180780,42567.23,42623.02,42623.02,42618.31,0.2428149
1632180840,42623.02,42745.8,42623.02,42745.78,4.46140296
1632180900,43030.89,43456.94,43030.89,43456.94,0.024558
1632180960,42746.46,43456.94,43456.94,42767.36,2.98556711
1632181020,42759.19,42767.66,42767.66,42759.19,0.00140207
1632181140,42717.15,42743.78,42743.78,42717.15,2.56116975
1632181200,42695.79,42717.08,42717.08,42695.79,1.59117035
1632181260,42698.54,42767.66,42767.66,42767.66,0.00163722
1632181320,42745.74,42758.16,42745.74,42758.14,0.38116865
1632181380,42768.23,42805.86,42791.57,42805.86,1.00140169
1632181440,42667.44,42683.68,42683.68,42667.44,0.81117113
1632181500,42648.93,42805.86,42805.86,42648.93,1.33294745
1632181560,42752.34,42770.65,42752.34,42770.65,0.9929569
1632181620,42770.65,42784.35,42770.65,42784.33,1.85821105
1632181680,42764.84,42794.17,42784.95,42764.84,1.0203426
1632181740,42794.17,42794.17,42794.17,42794.17,0.02
1632181860,42794.17,43882.99,42794.17,42961.17,4.83338214
1632181980,42963.16,42973.35,42963.16,42973.33,1.0111628
1632182040,42974.22,42982.08,42974.22,42982.06,0.93116255
1632182100,42983.53,42986.15,42984.16,42983.53,0.05255728
1632182160,42964.04,42986.15,42986.15,42964.04,0.00279026
1632182220,42866.62,42964.09,42964.09,42866.64,10.63996922
1632182280,42823.21,42964.09,42964.09,42823.21,0.25465838
1632182340,42823.61,42964.09,42964.09,42962.87,1.00279472
1632182400,42964.09,46440,42964.09,46440,8.21814183
1632182460,45000,54760.97,47520,45000,0.08083884
1632182520,44990.35,45000,45000,44990.35,1
1632182580,42876.13,48600,48600,44591.2,9.74708656
1632182700,38794,44368,44368,38794,0.60956078
1632182760,42120,43158.23,42120,42721.29,1.19259496
1632182820,42671.14,42721.44,42721.44,42671.14,4.2339804
1632182940,42620.82,42669.51,42669.51,42620.82,3.85108752
1632183120,42303.6,42303.6,42303.6,42303.6,0.003
1632183180,42121.17,42304,42304,42121.17,8.16848838
1632183240,41876.29,42079.95,41910,42079.93,1.00409241
1632183300,42082.71,42390.03,42390.03,42154.2,1.00519076
1632183360,42340.15,42404.49,42390.03,42340.15,2.00118004
1632183420,42297.23,42340.49,42340.49,42297.23,6.20141699
1632183480,42248.21,42340.49,42340.49,42248.21,4.10402997
1632183600,42288,42288,42288,42288,0.01854945
1632183660,42288,42288,42288,42288,0.00235297
1632183720,40577.95,42288,42288,40577.95,10.19130574
1632183780,40337.35,41559.71,41152.26,40337.35,0.07502052
1632183840,40404.35,41559.71,41559.71,40429.34,0.00541389
1632183900,41559.71,41559.71,41559.71,41559.71,0.0023942
1632183960,40806.05,41559.71,41559.71,40806.05,1.0044646
1632184020,40794.78,40807.26,40806.6,40807.26,1.03122249
1632184080,40807.26,40809.47,40807.26,40809.47,0.02121573
1632184140,40809.47,44440.16,40809.47,44440.16,6.99658824
1632184200,40774.66,45792,45360,40774.66,1.00437294
1632184320,41107.67,44295.06,44280,44295.06,8.18913849
1632184380,38916,44311.6,41929.82,44311.6,1.37615554
1632184500,40966.81,42120,42120,41029.27,0.00833331
1632184560,41510.34,44335.98,41595.73,41510.34,3.00442878
1632184620,41587.46,44779.33,44779.33,41587.46,0.0014243
1632184680,41811.79,44791.29,44779.33,41811.79,2.00441779
1632184740,40990.24,44801.38,44791.29,40990.24,2.00245046
1632184800,41820.02,44801.38,44801.38,41882.23,1.40192663
1632184860,41754.56,44280,44280,41754.56,0.00142201
1632184980,40294.88,41849.4,41849.4,41849.4,2.08820791
1632185040,41753.03,41883.62,41753.03,41883.62,3.85775757
1632185100,41883.62,41922.83,41883.62,41922.83,3.05142989
1632185160,41778.9,41778.9,41778.9,41778.9,0.11845586
1632185220,40198.25,41889.19,41869.74,41870.67,2.02001127
1632185280,40198.25,41909.03,41889.19,41909.03,2.26431522
1632185340,41682.23,41909.03,41682.23,41909.03,1.58231954
1632185460,41843.91,41909.03,41909.03,41909.03,1.0016704
1632185520,41780.89,41809.76,41780.89,41809.76,2
1632185580,41678.83,41678.85,41678.83,41678.83,1.00119874
1632185700,41754.67,41809.76,41809.76,41754.67,1.00619509
1632185760,41779.74,41840.31,41809.76,41840.31,2.00237988
1632185880,41745.19,42267.89,42267.89,41745.19,2.02019191
1632185940,41644.82,42267.89,42267.89,41644.82,1.0044359
1632186000,42267.89,42285.03,42267.89,42285.03,1.00023616
1632186060,41566.29,42300.53,42285.03,42300.53,2.00167393
1632186120,39995.64,41708.43,41708.43,39995.64,1.08
1632186180,41710.32,42686.38,41710.32,41792.34,6.49380353
1632186240,42686.38,45792,42686.38,45792,0.24467946
1632186300,41911.94,45792,45792,41911.94,1.0450266
1632186360,41921.87,45360,45360,41959.62,1.01482267
1632186420,43000,47596.43,45360,43000,0.08800569
1632186480,41822.2,42798.81,42798.81,41822.2,7.95906426
1632186540,45360,47520,45360,47520,0.03903158
1632186600,41504,44000,44000,41504,0.04306564
1632186660,39111.37,46440,45360,41732.05,1.2098798
1632186720,39098.25,44280,41732.05,39098.25,1.21597371
1632186780,40897.41,41735.36,40897.41,41735.34,0.02706586
1632186840,42779.54,42781.52,42779.54,42781.52,0.17848708
1632186900,41603.8,42781.52,42570.05,41656.67,1.02341481
1632186960,41768.48,42800.05,42648.08,42800.05,2.00143024
1632187020,41866.54,41874.26,41866.54,41874.24,0.24656941
1632187080,41874.35,41874.35,41874.35,41874.35,0.00076038
1632187140,41772.35,41874.35,41874.35,41772.35,6.13543447
1632187200,41774.53,41874.35,41874.35,41874.35,0.27807734
1632187260,41874.35,41964.41,41874.35,41964.39,5.55957326
1632187320,41964.5,41968.7,41965.79,41964.5,1.68261892
1632187380,41968.7,43200,41968.7,42031.81,12.89874797
1632187440,41979.49,43200,43200,41979.49,1.00572472
1632187560,41988.2,43200,43200,41988.2,0.007421
1632187620,41989.13,42077.07,41989.13,42077.05,5.99285114
1632187680,42069.54,43200,42078.29,42069.54,1.26097771
1632187740,42083.99,43200,43200,42083.99,0.0014183
1632187800,42193.7,43125.5,43125.5,42193.72,0.00200515
1632187860,43125.5,43125.5,43125.5,43125.5,0.00057681
1632187920,42280.17,42305.64,42280.17,42305.62,0.41118101
1632187980,42291.07,42438.4,42305.62,42438.38,8.30588547
1632188040,42310.1,43125.5,43125.5,42429.62,0.00282137
1632188100,42402.16,43125.5,43125.5,42402.16,0.00281949
1632188160,42411.37,47520,43125.5,42411.37,0.04036506
1632188220,42439.08,46440,46440,42439.08,0.00739223
1632188280,42440.38,42463.81,42440.38,42463.79,1.50117661
1632188340,42449.99,42493.95,42465.08,42493.93,1.76353056
1632188400,42494.95,42527.05,42494.95,42527.05,1.96480999
1632188460,42527.05,46440,42527.05,42738.66,2.80374653
1632188520,42725.95,46440,42739.36,43000,1.16177325
1632188580,42782.73,43820.5,43820.5,42782.73,1.0167337
1632188640,42604.43,43820.5,43820.5,42604.43,0.0014005
1632188700,42640.45,43820.5,43820.5,42640.45,0.0013995
1632188760,42620.7,43820.5,43820.5,42620.7,0.00140005
1632188820,42399.64,46456.63,46440,42399.64,1.01478116
1632188880,42571.36,45792,45792,42571.36,1.01304647
1632188940,42510.94,45792,45792,42543.11,1.01678568
1632189000,42388.59,46467.38,45792,42388.59,1.65891598
1632189060,42497.66,46467.38,46467.38,42497.66,1.02517319
1632189120,42483.77,46440,46440,42483.77,0.007391
1632189180,42495.07,46440,46440,42495.07,0.00739068
1632189240,42483.38,46440,46440,42483.38,0.01693079
1632189300,42483.4,46440,42483.4,42486.95,0.00373304
1632189360,42538.73,43549.74,42538.73,42584.7,2.00257697
1632189420,42616.84,42646.08,42631.82,42646.08,1.01616024
1632189480,42566.88,42651.99,42646.08,42651.97,1.09211103
1632189540,42652.07,42687.12,42652.07,42687.12,1.98469727
1632189600,42561.17,42687.12,42687.12,42561.17,2.35140775
1632189660,42687.12,42687.12,42687.12,42687.12,0.00023384
1632189720,42687.12,42765.12,42687.12,42765.1,5.07670497
1632189780,42709.51,42765.41,42765.1,42709.51,6.34140322
1632189840,42765.41,42786.73,42765.41,42786.73,1.00023329
1632189900,42786.73,42800.01,42786.73,42799.99,1.03070066
1632189960,42710.89,42800.32,42800.32,42710.89,0.00280531
1632190020,42763.55,42807.96,42800.32,42807.96,0.99438429
1632190080,42700.98,43192.77,43192.77,42700.98,1.00140116
1632190140,42743.7,43192.77,42743.7,42775.49,3.34256772
1632190200,43192.77,43212.47,43192.77,43212.47,1
1632190260,42776.99,43212.47,43212.47,42797.55,1.0027974
1632190320,42837.01,43222.16,43212.47,43222.16,1.00139735
1632190380,42862.63,43563.36,43549.74,42862.63,1.95428354
1632190440,42867.74,43563.36,43563.36,42868.24,1.00278928
1632190500,43563.36,43588.11,43563.36,43588.11,1.64877488
1632190680,42727.93,42727.93,42727.93,42727.93,0.08111743
1632190740,42379.32,42843.58,42685.2,42843.56,7.06480247
1632190800,42838.6,46440,43620.42,46440,0.20998923
1632190860,42810.1,47520,47520,42810.1,0.01593064
1632190920,42377.8,48600,43000,48600,0.23989572
1632190980,42885.19,45808.6,45792,42885.19,2
1632191040,42744.02,45816.56,42885.19,45816.56,8.25976504
1632191100,42771.91,45816.56,42813.72,42771.91,0.00255295
1632191160,42688.17,45816.56,45816.56,42688.17,1.00138827
1632191220,42711.9,45816.56,45816.56,42711.9,1.02162112
1632191280,42748,42759.26,42748,42759.24,0.21548849
1632191340,42731.94,42760.25,42760.25,42731.94,1.3928046
1632191400,42760.25,42760.25,42760.25,42760.25,0.00023344
1632191460,42685.56,42760.25,42760.25,42685.56,1.84163709
1632191520,42640.93,42728.24,42728.24,42652.5,2.42257673
1632191580,46440,46456.33,46440,46456.33,0.91507158
1632191640,42381.16,45792,43000,42696,2.02809283
1632191700,42690.92,46471.71,42738.71,46471.71,1.0016187
1632191760,42732.5,43000,43000,42732.5,1.02130826
1632191820,42661.86,46480.73,46440,42664.03,2.16446906
1632191880,42654.55,46440,46440,42654.55,0.0013863
1632191940,42655.53,42705.51,42655.53,42705.49,2.38116996
1632192000,42686.47,42706.19,42706.19,42686.47,0.00140419
1632192060,42706.19,42719.16,42706.19,42719.16,1.14193586
1632192120,42719.16,42742.68,42719.16,42737.41,1.1415715
1632192180,42743.53,42778.48,42743.53,42778.46,3.06116796
1632192300,42760,42778.49,42778.49,42760,1.00372779
1632192360,42778.49,42826.4,42778.49,42826.38,4.34560733
1632192420,42826.53,46440,42826.53,46440,1.52030938
1632192480,42874.84,47520,47520,42932.63,7.05350027
1632192540,42921.85,43362.21,42933.61,42921.85,2.99255682
1632192600,42916.35,47520,43362.21,42916.35,2.69754
1632192660,42959.28,42993.79,42959.28,42993.77,2.33116211
1632192720,42995.14,42995.44,42995.44,42995.14,0.00139422
1632192780,42995.44,43038.85,42995.44,43015.44,1.59232216
1632192840,42976.37,43038.85,43038.85,42976.37,2.24139449
1632192900,43038.85,43038.85,43038.85,43038.85,0.00023193
1632192960,42986.52,43038.85,43038.85,42986.52,0.0030199
1632193020,42906.47,43038.85,43038.85,42906.47,2.91302272
1632193080,42926.37,43038.85,43038.85,42926.37,0.01616121
1632193200,42866.09,42929.97,42929.97,42866.09,5.15119166
1632193200,42866.09,42929.97,42929.97,42866.09,5.15119166
1632193260,41705.28,42929.97,42929.97,41705.28,4.50023251
1632193320,42830.02,42830.02,42830.02,42830.02,0.00023231
1632193560,42830.02,42830.41,42830.02,42830.41,0.1
1632193680,42817.48,42857.25,42817.48,42857.25,3.14316641
1632193740,42824.14,42859.51,42840.53,42859.51,1.1
1632193860,42859.51,42870.43,42859.51,42870.41,1.03093255
1632193920,42846.39,42872.91,42872.91,42846.39,0.00139893
1632193980,42874.33,42886.75,42874.33,42886.75,1
1632194040,42886.75,42956.82,42886.75,42956.8,6.33232629
1632194100,42910.55,42966.99,42957.53,42910.55,2
1632194220,42873.51,46440,42966.99,46440,1.00197661
1632194280,42823.09,46440,42826.98,42823.09,0.98349673
1632194340,42768.88,46440,46440,42768.88,0.0027647
1632194520,42792.72,42810.89,42810.89,42792.72,1.00140072
1632194700,42810.89,42843.68,42810.89,42843.66,3.840933
1632194760,42844.08,42894.92,42844.08,42894.9,4.03233002
1632194820,42896.23,42914.23,42896.23,42914.23,1.0013977
1632194880,42912.48,42932.32,42914.23,42932.32,2.00139691
1632194940,42909.58,42949.57,42909.58,42949.57,0.98596865
1632195000,42845.59,42949.57,42949.57,42845.59,1.00262945
1632195060,42949.57,42949.57,42949.57,42949.57,0.00023241
1632195120,42759.37,42761.22,42759.37,42761.2,0.11116841
1632195240,42660.36,42763.22,42763.22,42660.36,0.00440458
1632195540,42677.53,42695.8,42677.53,42695.8,0.841404
1632195600,42682.97,42714.76,42695.8,42714.76,1.00396843
1632195660,42714.76,42735.11,42714.76,42724.76,1.33954053
1632195720,42735.11,42761.38,42735.11,42756.91,2.06260759
1632195780,42761.38,42775.53,42761.38,42775.53,1.33089725
1632195900,42754.32,46440,46440,42754.32,0.00138355
1632195960,42724.03,42724.05,42724.03,42724.03,0.00116944
1632196080,42706.39,43731.16,42706.39,42714.55,0.10256752
1632196140,42712.25,42713.64,42713.64,42712.25,0.07092759
1632196200,42672.56,42717.51,42715.87,42672.56,2.5200297
1632196260,42629.14,42720.64,42717.51,42720.64,2.74206736
1632196320,42628.76,42720.64,42720.64,42628.76,0.13016877
1632196380,42705.56,42720.64,42720.64,42705.56,0.00374513
1632196440,42658.4,42709.81,42708.85,42709.81,2.4094126
1632196500,42599.99,42709.81,42654.82,42599.99,2.66140655
1632196620,42708.65,42716.53,42708.65,42716.51,1.74269459
1632196680,42400,42741.79,42717.03,42400,0.99902927
1632196740,42742.42,43030,43030,42742.42,1.00140088
1632196800,42632.94,43032.82,43030,42632.94,0.0079195
1632196860,42739.25,43051.63,43032.82,42739.25,0.99140297
1632196920,43051.63,43051.63,43051.63,43051.63,0.00023186
1632197160,42754.14,42808.68,42754.14,42808.66,4.44116711
1632197220,42792.99,42830.28,42809.03,42830.28,0.99836418
1632197280,42718.76,42830.28,42830.28,42718.76,1.00140262
1632197340,42633.47,43204,42633.47,43204,0.00140295
1632197400,42386.49,42400,42400,42386.49,0.93915489
1632197460,42541.6,43221.3,42560.34,43221.3,0.98794837
1632197520,42374.81,43005,43005,42374.81,1
1632197640,43173,43173,43173,43173,0.00231163
1632197700,42581.81,43173,43173,42581.81,0.00347807
1632197760,42577.4,43747.02,43173,42577.4,0.97051942
1632197820,42575.64,43747.02,43747.02,42604.24,0.00880868
1632197880,42603.64,42606.6,42605.19,42603.64,0.16492735
1632197940,42597.78,42620.33,42606.6,42597.78,2.16468674
1632198000,42495.58,42620.33,42620.33,42495.58,5.67164411
1632198060,42620.33,42620.33,42620.33,42620.33,0.0002342
1632198120,42487.98,42489.97,42489.97,42487.98,0.00235269
1632198180,42407,42407,42407,42407,0.00235716
1632198240,42470.2,42470.22,42470.2,42470.2,0.00117641
1632198360,42370.02,42470.33,42470.33,42370.02,6.45141517
1632198420,42360,42362.37,42360,42362.36,1.05117941
1632198540,42330.83,42362.37,42362.37,42330.83,0.00141592
1632198600,42330.85,42362.37,42330.85,42344.52,0.00376613
1632198720,42362.37,42396.68,42362.37,42396.68,3.17683406
1632198840,42396.68,42425.26,42396.68,42425.24,3.25457997
1632198900,42426.86,42452.16,42426.86,42452.16,2.16768875
1632198960,42452.16,42456.14,42452.16,42456.12,0.48466532
1632199140,42363.54,42472.48,42472.48,42363.54,1.00377021
1632199200,42349.8,42472.48,42472.48,42349.8,0.00141478
1632199260,42404.34,42483.87,42472.48,42483.87,0.99574823
1632199380,42199.9,42361,42200,42361,0.00471778
1632199440,42354.14,42354.16,42354.14,42354.14,1.00117966
1632199560,42322.25,42354.68,42354.68,42322.25,2.67259702
1632199620,42354.68,42358.5,42354.68,42358.48,0.39094387
1632199680,42321.44,42365.01,42358.83,42321.44,0.51353772
1632199740,42365.01,42789,42365.01,42379.12,0.99850616
1632199800,42379.12,42379.12,42379.12,42379.12,1
1632199860,42381.18,42791.8,42791.8,42791.8,0.00166792
1632199920,42480.69,42798.88,42791.8,42480.69,0.98907216
1632199980,42480.69,42798.88,42480.69,42483.61,1.32223068
1632200040,42459.73,45576,42798.88,42459.73,0.99684516
1632200100,42441.26,45576,45576,42441.26,0.00139622
1632200220,42446.57,43525.49,42446.57,43525.49,1.00140642
1632200280,42400.26,43525.49,42400.26,43525.49,0.33140629
1632200340,42447.01,43525.49,43525.49,42449.41,0.3125834
1632200400,42445.01,42462.02,42449.55,42445.01,0.71141201
1632200520,42462.02,43525.49,42462.02,42513.78,4.36187316
1632200580,42482.31,47520,43525.49,42482.31,0.03207337
1632200640,46440,46452.59,46440,46452.59,0.89783625
1632200700,42363.62,43548.64,43548.64,42363.62,2.67784488
1632200760,42347.71,43548.64,43548.64,42347.71,1.11281757
1632200880,42366,42398.84,42366,42398.82,0.20589074
1632200940,42369.66,43548.64,43548.64,42369.75,0.02213186
1632201000,42364.68,42386.59,42369.75,42386.57,1.78209978
1632201060,42387.44,42398,42387.44,42397.98,0.96117844
1632201120,42398.23,42398.38,42398.23,42398.36,0.01117841
1632201180,42357.96,42389.62,42389.62,42357.96,0.62377654
1632201240,42328.54,42389.62,42389.62,42347.84,2.16046958
1632201300,42347.96,42347.96,42347.96,42347.96,0.00118033
1632201360,42347.96,42347.96,42347.96,42347.96,0.00025846
1632201420,42347.96,42364.02,42347.96,42364,1.17974057
1632201480,42261.24,42365.18,42365.18,42261.24,5.07141785
1632201540,42234.49,42365.18,42365.18,42234.49,0.5914186
1632201600,42203.74,43548.64,43548.64,42203.74,0.00141305
1632201660,42222.8,43548.64,43548.64,42222.8,0.00282439
1632201720,42224.53,43548.64,43548.64,42224.53,0.00141247
1632201780,42184.07,43548.64,43548.64,42184.07,1.19358493
1632201840,43548.64,43548.64,43548.64,43548.64,0.00022848
1632201900,42210.33,43548.64,43548.64,42210.33,0.00683412
1632202080,42293.68,42309.8,42309.8,42293.68,1.00141726
1632202140,42309.8,43548.64,42309.8,42397.4,0.23470264
1632202200,42380.6,42397.87,42397.87,42380.6,0.59164977
1632202260,42397.87,42410.8,42397.87,42410.8,0.93552933
1632202320,42399.03,42440.38,42410.8,42399.03,1.86541175
1632202440,42368,42399.03,42399.03,42371.52,0.57518483
1632202500,42371.55,42397.96,42371.55,42397.94,1.66117844
1632202560,42398.08,42420.86,42398.08,42420.86,2.26771914
1632202620,42420.86,42420.86,42420.86,42420.86,0.00049257
1632202680,42420.86,42478.74,42420.86,42478.38,3.76014915
1632202800,42452.57,42478.74,42478.74,42452.57,0.00305772
1632202860,42438.25,42478.74,42478.74,42442.2,0.00355128
1632202920,42451.83,42451.83,42451.83,42451.83,0.00023438
1632202980,42167,42494.28,42451.83,42494.28,2.32986784
1632203100,42547,42547,42547,42547,0.00046772
1632203220,42453.66,42547,42547,42454.38,1.00282297
1632203280,42446.79,42454.56,42454.56,42452.05,0.00282421
1632203340,42427.5,42558.8,42454.56,42427.5,1.99679158
1632203400,42376.91,42428.15,42427.25,42376.91,4.02960852
1632203460,42428.15,42462.53,42428.15,42462.51,1.73094138
1632203580,42463.14,46440,42463.14,46440,5.69545366
1632203640,42602.05,46440,42657.09,42602.05,0.99355955
1632203700,42602.07,42602.66,42602.07,42602.66,0.00046711
1632203760,42602.66,42634.75,42602.66,42611.93,1.96234499
1632203940,42535.33,42634.75,42634.75,42535.33,4.25374955
1632204000,42535.72,42558.75,42535.72,42558.75,1.5102338
1632204060,42560.17,42560.17,42560.17,42560.17,0.00046758
1632204120,42560.17,42560.17,42560.17,42560.17,0.08953242
1632204180,42560.17,42560.81,42560.81,42560.81,0.10259662
1632204240,42560.81,42621.11,42560.81,42621.11,3.31573634
1632204300,42621.11,42724.45,42621.11,42724.43,1.2211681
1632204360,42656.23,42725,42725,42656.23,4.87140494
1632204420,42725,42725,42725,42725,0.00023289
1632204480,42655.01,42673.16,42673.16,42655.01,0.00374996
1632204540,42673.16,42673.16,42673.16,42673.16,0.00372157
1632204660,42673.16,42738.3,42673.16,42738.28,6.24721358
1632204720,42400,42738.47,42738.47,42725.77,0.02004064
1632204780,42733.69,42738.47,42738.47,42733.69,0.00140272
1632204840,42355.96,42738.47,42400,42684.64,3.00163155
1632204900,40000,42684.66,42684.66,42664.97,0.40966244
1632204960,37250,45801.77,43200,42221.41,8.17102408
1632205020,42625.91,45801.77,45801.77,42625.91,1.00601397
1632205080,42400,45808.18,42647.96,42680.72,0.99270998
1632205140,42400,45808.18,45808.18,42400,2.35918663
1632205260,42667.59,42725,42725,42667.59,1.0060624
1632205320,42399.1,42744.12,42725,42399.1,1.01369789
1632205380,42667.19,42744.12,42667.19,42744.12,1.60862249
1632205440,42399.1,42753.17,42744.12,42399.1,1.01817276
1632205500,42690.25,42753.17,42753.17,42695.48,0.20076264
1632205560,42690.25,42699.35,42699.35,42690.25,0.01818763
1632205620,42676.46,42743.54,42699.35,42743.52,4.03665355
1632205680,42739.99,42775.08,42744.59,42775.06,2.08459016
1632205740,42676.35,47520,42775.08,42779.99,0.8564922
1632205800,42760.14,46445.21,42779.99,42760.14,0.22768097
1632205860,42775.07,43853.79,43853.79,42795.22,0.01898658
1632205920,42857.09,43853.79,43853.79,42903.89,0.01206985
1632205980,42903.91,42948.92,42914,42903.91,0.01809335
1632206040,42948.92,43853.79,42948.92,42957.45,0.28139411
1632206100,42951.82,43853.79,43853.79,42951.82,0.01971399
1632206160,42951.82,42953.72,42951.82,42951.82,0.02472922
1632206220,42951.82,42953.72,42953.72,42951.82,0.018087
1632206280,42953.72,42953.73,42953.72,42953.72,0.02650259
1632206340,42953.73,43000.83,42953.73,43000.81,3.87716482
1632206520,42932.87,43009.39,43009.39,42932.87,1.76097671
1632206580,42904.7,43009.99,43009.99,42904.7,2.72279263
1632206640,42908.8,43021.45,43009.99,43021.45,2.00139649
1632206700,42876.29,43021.45,43021.45,42876.29,2.82139728
1632206760,42825,42877.07,42877.07,42825,4.16139946
1632206820,42786.85,42824.1,42824.1,42786.85,2
1632206880,42779,42825,42825,42779,0.60140099
1632206940,42778.07,42825,42825,42819.6,0.03768034
1632207000,42778.07,42825,42825,42825,0.01928598
1632207060,42805.2,42825,42805.22,42825,0.00461914
1632207120,42800.6,42825,42825,42825,0.02695857
1632207180,42741.91,42825,42825,42825,0.00745507
1632207240,42825,42825,42825,42825,0.00232346
1632207300,42825,42839.46,42825,42834.7,2.28375784
1632207360,42814.55,42839.46,42839.46,42814.55,1.20745929
1632207420,42812.88,42814.55,42814.55,42812.88,0.00633599
1632207480,42812.88,42858.55,42822.42,42858.55,1.88526633
1632207540,42834.31,42859.6,42858.53,42836.93,0.03190565
1632207600,42737,43853.79,42836.91,42924.33,0.00472123
1632207660,42924.31,43864.47,42924.31,43864.47,1.97793347
1632207720,42905.01,43864.47,43864.47,42905.03,1.01155002
1632207780,42869.59,43864.47,42905.01,42869.61,0.00278515
1632207840,42840.28,43864.47,42869.59,42895.28,0.00278628
1632207900,42879.1,43981.95,42895.26,42879.1,1.00264464
1632207960,42879.1,44003.03,42879.1,44003.03,0.97437657
1632208020,42724.16,44003.03,42923.9,42724.16,1.00439085
1632208080,42902.78,44012.62,42903.48,44012.62,0.97833224
1632208140,42893.36,43979.66,43979.66,42893.38,1.00115864
1632208200,42893.36,43135.23,42893.36,43135.23,0.99178195
1632208260,42926.77,43135.23,43135.23,42926.77,1.92621914
1632208320,42940.71,43146.01,43135.23,43146.01,1.99346168
1632208440,42917.31,43153.69,42935.51,43153.69,1.99431913
1632208500,42888.96,43153.69,43153.69,42888.96,1.00139627
1632208560,42875.08,43979.66,43979.66,42875.08,0.00139227
1632208620,42834.87,42834.89,42834.87,42834.87,0.00116641
1632208680,42828.17,42831.41,42831.41,42828.17,1.00139966
1632208740,42809.76,42831.41,42831.41,42826.64,0.02077281
1632208800,42826.64,42834.25,42826.64,42834.23,0.00419149
1632208860,42838.08,42855.86,42838.08,42855.84,0.72116586
1632208920,42855.84,42855.84,42855.84,42855.84,1
1632208980,42641,42925.7,42855.91,42925.7,4.18526181
1632209040,42925.68,42956.03,42925.68,42956.03,0.26116328
1632209100,42400,43979.66,42956.01,42400,0.0220978
1632209160,43979.66,43993.6,43979.66,43993.6,0.97136192
1632209220,42399.23,43994.99,43993.6,42399.23,0.01783128
1632209280,42399.23,43994.99,43994.99,42399.23,1.02254901
1632209340,42917.73,42959.62,42959.62,42922.97,0.02095106
1632209400,42915.92,42959.62,42922.99,42915.94,0.04121005
1632209460,42891.71,42916.48,42915.92,42891.71,1.23163046
1632209520,42874.73,42916.48,42916.48,42874.73,0.9213979
1632209580,42874.03,42891.88,42891.88,42874.03,0.03636277
1632209700,42869.86,42891.88,42891.88,42869.88,0.30390028
1632209760,42843.53,42872.57,42869.86,42843.55,1.80513138
1632209820,42832.37,42872.57,42843.53,42832.39,0.64163201
1632209880,42828.25,42835.04,42832.37,42828.27,0.37139961
1632209940,42822.91,42835.04,42828.25,42825.42,0.29279944
1632210000,42825.4,42850.98,42825.4,42850.98,0.25046701
1632210060,42771.02,42850.98,42850.96,42850.98,7.19510333
1632210120,42850.98,42910.67,42850.98,42910.67,5.13855476
1632210180,42910.67,43048.08,42910.67,43048.08,4.53116017
1632210240,43048.06,43995,43048.06,43108.11,0.00277374
1632210300,43108.09,43562.89,43108.09,43342.65,0.19046111
1632210360,43303.11,44029.75,43342.65,43303.11,3.04253373
1632210420,43065.9,44029.75,43303.11,43065.92,5.26759771
1632210480,43055.62,44029.75,43065.9,43056.93,0.00185112
1632210540,42911.55,44029.75,43056.93,44029.75,0.41091441
1632210600,42911.55,43736,42911.55,43736,0.00046121
1632210780,43197.11,43736,43736,43197.11,1.00138486
1632210900,43203.53,43738.14,43203.53,43738.14,0.28138455
1632210960,43237.92,43237.94,43237.92,43237.92,32.34612023
1632211020,42981.53,44029.75,44029.75,42981.53,0.92094333
1632211140,42981.53,43320.89,42981.53,43320.89,0.1419225
1632211200,43262.72,43755.17,43320.87,43262.74,0.88322419
1632211200,43262.72,43755.17,43320.87,43262.74,0.88322419
1632211260,43225.55,43265.28,43262.72,43225.57,2.97192904
1632211320,43200.44,43265.28,43225.55,43200.46,1.76277393
1632211380,43200.44,43200.44,43200.44,43200.44,0.00023147
1632211500,43188.07,43199.9,43199.9,43188.07,0.5
1632211620,43171.77,43379,43379,43171.79,1.00254276
1632211680,43171.77,43171.77,43171.77,43171.77,0.00023163
1632211740,43172.37,43389.23,43173.37,43389.23,0.99445399
1632211800,43191.02,43389.23,43196.85,43191.04,0.20722282
1632211860,43126.51,43191.78,43191.02,43191.78,4.82668291
1632211980,43130,43191.78,43191.78,43130.02,0.00254661
1632212040,43126.44,43161.6,43130,43126.44,0.01391224
1632212100,43105.59,43161.6,43161.6,43105.6,2.44374921
1632212160,43085.19,43107.44,43105.58,43085.21,0.98436562
1632212220,43085.19,43107.44,43085.19,43094.03,0.00278169
1632212280,43082.27,43107.44,43094.01,43082.27,0.13423736
1632212340,43073.5,43080,43080,43073.5,0.56115996
1632212400,43083.08,43087.11,43083.08,43087.09,0.15115958
1632212580,43065.83,43765.98,43755.17,43765.98,1.9887849
1632212640,43064.13,43765.98,43765.98,43064.15,1.00115607
1632212700,43056.2,43778.7,43064.13,43778.7,1.98273145
1632212760,43080.73,44029.75,44029.75,43080.75,1.00115435
1632212820,42888.72,43126.38,43080.73,43126.38,0.09240086
1632212880,43126.36,43179.17,43126.36,43173.45,0.08473714
1632212940,43173.43,43210.56,43173.43,43210.56,1.40208205
1632213000,43210.54,44039.44,43210.54,44039.44,1.87897595
1632213060,43144.5,44188.39,44188.39,43144.5,0.00138392
1632213120,43110.14,44188.39,43144.37,44188.39,2.59684653
1632213180,43131.19,43188.34,43131.19,43188.34,0.15092532
1632213240,43168.6,44188.39,43188.32,43168.6,0.00708394
1632213300,43161.23,44188.39,44188.39,43161.25,0.00578678
1632213360,43161.23,44188.39,43161.23,44188.39,0.00045757
1632213420,42888.72,44200.38,44188.39,44200.38,1.98012654
1632213480,43267.64,43267.64,43267.64,43267.64,0.00344954
1632213660,43267.64,43275.21,43267.64,43275.21,0.99655046
1632213720,42877.8,43336.12,43275.21,43336.12,4.36
1632213780,43336.36,43338.34,43336.36,43338.34,0.15369157
1632213900,43336.36,43368.62,43338.34,43368.62,3.06553289
1632213960,43336.36,43385.46,43336.36,43385.46,0.99390275
1632214020,43385.46,43444,43385.46,43438.42,3.80862958
1632214080,43438.4,43456.09,43438.4,43456.09,0.98626927
1632214140,43361.53,43405.55,43405.55,43361.55,0.00253339
1632214200,43361.53,43361.53,43361.53,43361.53,0.00023061
1632214320,42901.79,42902.99,42902.99,42901.79,0.23089334
1632214380,43309.69,43405.55,43405.55,43314.75,1.00253667
1632214440,43314.73,43424.08,43314.73,43424.08,1.30571162
1632214500,43301.06,43424.08,43424.08,43301.08,1.00369084
1632214560,43301.06,43802.3,43301.06,43317.39,0.99551166
1632214620,43317.37,43317.37,43317.37,43317.37,0.00023085
1632214680,43316.24,43802.3,43802.3,43316.24,1.00138134
1632214740,43100,43802.3,43802.3,43100,1.00261039
1632214800,43268.91,43396.34,43268.91,43396.32,24.0682735
1632214860,43292.12,43423.7,43396.32,43292.12,6.40265773
1632214920,43201.86,43301.76,43292.12,43301.76,6.32161755
1632215040,43187.03,43221.19,43221.19,43187.03,0.00138786
1632215100,43213.89,43221.19,43221.19,43221.19,0.00161808
1632215160,43163.54,43221.19,43221.19,43163.56,1.49277581
1632215220,43163.02,43185.65,43163.54,43163.03,0.01303181
1632215280,43163.02,43163.02,43163.02,43163.02,0.00023167
1632215340,43138.03,43185.65,43185.65,43138.05,2.46046253
1632215400,43138.03,43185.65,43138.03,43156.91,0.00138895
1632215460,43156.89,43423.7,43156.89,43175.98,0.00161832
1632215520,43100,43423.7,43175.96,43423.7,0.00138524
1632215580,43100,43424.12,43100,43157.7,0.00161956
1632215640,43171.18,43194.65,43171.18,43194.65,0.2309252
1632215700,43194.63,43424.12,43194.63,43424.12,0.00184781
1632215760,43489,43489,43489,43489,0.00022948
1632215820,43204.55,43489,43489,43489,0.00166316
1632215880,43147.92,43160.62,43147.92,43160.62,0.40092592
1632215940,43160.6,43489.17,43160.6,43212.54,0.00308015
1632216000,43181.69,43212.52,43212.52,43181.71,0.00115687
1632216060,43181.69,43489.17,43181.69,43262.02,0.00184675
1632216180,43238.75,43259.75,43259.75,43238.75,2
1632216300,43247.66,43255.76,43255.76,43247.66,0.00138604
1632216360,43230.76,43230.78,43230.76,43230.78,0.00092442
1632216420,43230.76,43230.76,43230.76,43230.76,0.00023131
1632216480,43234.9,43256.77,43234.9,43250.91,0.00231035
1632216540,43250,43256.77,43250.89,43250.02,0.00161672
1632216600,43250,43250,43250,43250,0.00023121
1632216660,43282.94,43282.96,43282.94,43282.96,0.0009233
1632216720,43282.94,43802.3,43282.94,43802.3,1.01161302
1632216780,43304.32,43802.3,43802.3,43304.32,0.00138164
1632216840,43262.51,43802.3,43275.96,43262.53,0.00230613
1632216900,43262.51,43802.3,43262.51,43267.48,0.00161378
1632216960,43279.63,43802.3,43802.3,43279.65,1.00115126
1632217020,43278.94,43279.63,43279.63,43278.94,0.11023105
1632217080,43280.4,43285.04,43280.4,43285.04,0.04620534
1632217140,43278.71,43278.71,43278.71,43278.71,0.001
1632217200,43217.02,43285.04,43285.04,43249.7,3.84998978
1632217260,42984.09,43285.09,43249.68,42984.09,0.51461705
1632217380,43223.97,43436.04,43436.04,43256.07,1.00253939
1632217440,43253.77,43437.82,43256.06,43253.79,2.0051256
1632217500,43253.77,43437.82,43253.77,43437.82,0.01023119
1632217560,42984.09,43437.82,43437.82,43312.91,0.01215246
1632217620,43312.89,43312.89,43312.89,43312.89,0.00023087
1632217680,43298.66,43313.31,43313.31,43298.67,1.54230794
1632217740,43298.66,43298.66,43298.66,43298.66,0.00023095
1632217800,43297.16,43313.31,43298.66,43297.16,0.10069157
1632217860,43272.05,43324.29,43313.31,43324.29,2.48686299
1632217920,43230.85,43324.29,43324.29,43230.85,0.00138613
1632217980,43173.13,43324.29,43324.29,43173.13,1.00115604
1632218040,43117.92,43173.14,43173.13,43117.94,0.00377862
1632218100,43117.92,43334.65,43117.92,43334.65,0.99550163
1632218220,42564,43401,42564,43401,1.001
1632218280,42564,43401.06,43401.06,42564,0.00139479
1632218340,43123.83,43127.85,43127.85,43123.85,1.00092672
1632218400,43123.83,43401.06,43123.85,43165.85,0.2776189
1632218460,43165.83,43401.06,43165.83,43190.98,0.00277358
1632218520,43188.48,43202.39,43190.96,43202.39,1.0223134
1632218580,43202.37,43203.97,43202.37,43203.97,0.01161896
1632218640,43203.97,43246.73,43203.97,43246.73,2.87023096
1632218700,43186.57,43261.77,43246.71,43186.57,1.00618669
1632218760,43157.27,43261.77,43261.77,43157.29,1.88254392
1632218820,43157.27,43160,43157.27,43160,0.11115763
1632218880,43159.98,43159.98,43159.98,43159.98,0.00023169
1632219000,43128.24,43171.63,43160.35,43171.63,2.37347467
1632219060,43162.54,43171.72,43171.61,43162.56,0.00277741
1632219120,43162.54,43163.45,43162.54,43163.13,0.00162047
1632219180,43160,43163.45,43163.45,43160.02,0.26115718
1632219240,43160,43160,43160,43160,0.00023169
1632219300,43131.46,43163.45,43163.45,43131.46,2.33238962
1632219480,43114.01,43165.12,43165.12,43114.03,1.01718904
1632219540,43114.01,43172.82,43114.01,43172.82,0.9996253
1632219600,43075.52,43172.82,43172.82,43075.52,1.01943377
1632219660,43172.82,43191.96,43172.82,43191.65,1.22269015
1632219720,42912,43815.5,43191.63,43191.77,1.00047863
1632219780,42911.73,43815.5,43191.75,42911.73,18.53260967
1632219840,42911.73,43248.71,43248.71,42911.73,0.00224319
1632219900,43242,43248.71,43248.71,43242,1.00368693
1632219960,43206.55,43211.1,43206.55,43211.1,0.00115587
1632220020,43211.08,43255.52,43211.08,43222.75,0.99944657
1632220080,43205.16,43255.52,43222.73,43209.71,0.00277414
1632220140,43195.89,43209.71,43209.7,43195.91,0.00138759
1632220200,43195.89,43195.89,43195.89,43195.89,0.0002315
1632220320,43130.6,43209.71,43209.71,43130.6,1.00138942
1632220380,43130.03,43211.75,43130.03,43211.75,6.77046449
1632220440,43210.79,43222.2,43211.73,43222.2,0.99762996
1632220500,43222.2,44235.99,43222.2,43301.21,1.08868063
1632220560,43301.19,47596.43,43301.19,47596.43,1.44880605
1632220620,43508.3,43511.26,43511.26,43508.3,0.015
1632220680,43342.39,47595,47595,43342.41,8.34440792
1632220740,43366.32,43383.3,43383.3,43366.32,1.00138219
1632220800,43383.3,43403.47,43383.3,43403.45,0.45092105
1632220860,43000,47520,43166,43356.43,1.00936144
1632220920,43330.35,43356.41,43356.41,43330.37,1.00115294
1632220980,43330.35,47539.96,43330.35,43382.41,0.93966999
1632221040,43380.67,43382.41,43380.67,43382.41,0.01138182
1632221220,43348.62,43433.35,43348.62,43433.33,1.32287663
1632221280,43434.04,43487.05,43434.04,43487.05,7.87631394
1632221340,43487.03,43532.85,43487.03,43532.85,3.03022995
1632221400,43511.1,43532.94,43532.94,43511.12,0.00114775
1632221460,43487.31,43532.94,43511.1,43487.33,0.00275619
1632221520,43487.31,43532.94,43487.31,43487.86,2.48275551
1632221580,43487.84,43487.84,43487.84,43487.84,0.00022994
1632221640,43476.69,43486.16,43486.16,43476.69,0.47
1632221700,43380.26,43522.2,43476.69,43434.57,5.23175297
1632221760,43434.55,43434.55,43434.55,43434.55,0.00023023
1632221820,43433.04,43555,43555,43433.06,1.00114928
1632221880,43408.26,43433.04,43433.04,43408.28,0.00115087
1632221940,43408.26,43447.16,43408.26,43447.16,0.22115019
1632222000,43444.85,43555.73,43447.14,43474.09,4.60146324
1632222060,43474.07,43575.09,43474.07,43575.09,0.99522551
1632222120,43407.88,43411.05,43407.88,43411.05,1.00161084
1632222180,43407.39,43411.05,43411.05,43411.05,0.00161091
1632222300,43395.47,43405.7,43405.7,43395.47,0.78115133
1632222420,43380.75,43430.3,43394.91,43430.3,1.69766007
1632222480,43416.58,43449.14,43416.58,43449.12,10.61012549
1632222540,43333.35,43450.47,43449.12,43333.37,0.0013821
1632222600,43333.35,43450.47,43333.35,43351.7,0.001613
1632222660,43346.43,43450.47,43450.47,43450.47,0.00161209
1632222720,43318.06,43318.08,43318.06,43318.08,0.00092256
1632222780,43318.06,43968.26,43318.06,43328.22,0.001611
1632222840,43308.71,43325.01,43325.01,43308.73,0.00115315
1632222900,43308.71,43308.71,43308.71,43308.71,0.0002309
1632222960,43325.01,43968.26,43325.01,43386.59,0.17207056
1632223020,43386.57,43386.57,43386.57,43386.57,0.00023048
1632223140,43388.31,43388.33,43388.31,43388.31,0.00115153
1632223200,43388.92,43389.61,43389.61,43388.92,0.00138156
1632223260,43212.72,43227,43227,43212.72,0.7
1632223320,43389.61,43439.72,43389.61,43439.72,1.26068993
1632223380,43439.7,43443.12,43439.7,43443.12,0.1011501
1632223440,43434.5,43446.07,43443.1,43446.07,0.7233003
1632223500,43445.03,43446.08,43446.05,43445.03,0.00160995
1632223560,43434.5,47596.43,43434.5,47596.43,6.18193594
1632223620,43387.05,47892.77,47892.77,43402.85,33.94788737
1632223680,43402.83,43411.24,43402.83,43411.22,1.16231773
1632223740,43411.45,43491.08,43411.45,43490.36,4.82692334
1632223800,43490.34,43491.08,43490.34,43491.08,0.00194295
1632223860,43470.59,43470.61,43470.59,43470.61,0.00091932
1632223920,43401.03,43491.08,43470.59,43401.03,0.01950675
1632223980,43499.36,43499.38,43499.36,43499.38,1.0009187
1632224040,41000,47612.75,43499.36,47612.75,15.86018872
1632224100,40200,46470.65,42634.04,46470.65,0.0391568
1632224160,43459.99,44000,44000,43460.01,1.00685523
1632224220,42553.68,46440,43459.99,46440,0.02758407
1632224340,43405.95,43430.62,43405.95,43430.62,1.21092016
1632224400,43430.6,46457.93,43430.6,46457.93,0.9349057
1632224460,43407.06,46457.93,43407.06,46457.93,1.00136589
1632224580,43000,46470.65,46470.65,46470.65,0.0011095
1632224640,43000,43419.87,43000,43419.62,0.00161315
1632224700,43419.87,43422.15,43419.87,43422.15,0.15069045
1632224760,43422.13,46486.17,43422.13,46486.17,0.94254141
1632224880,43202,47520,43391.62,43202,1.01729064
1632224940,43200.95,43202,43202,43200.95,0.002
1632225000,43332.86,43363.48,43363.48,43332.88,0.00344704
1632225060,43313.37,43363.48,43332.86,43320.38,0.00276718
1632225120,43320.36,47530.67,43320.36,47530.67,0.93408719
1632225180,42984.03,47596.43,44000,43331.53,1.00113198
1632225240,43331.51,47520,43331.51,47520,0.31596071
1632225300,43360.88,47596.43,47596.43,43360.9,0.72406952
1632225360,43319.82,47520,43360.88,43319.82,0.00159403
1632225420,43299.99,47520,47520,43300.01,0.00320627
1632225480,43245.63,43300.36,43299.99,43255.2,3.13277123
1632225540,43245.37,43289.57,43255.18,43289.57,0.12777499
1632225600,43249.82,43300.36,43289.55,43249.84,0.00238553
1632225660,43245.07,43300.36,43249.82,43300.36,0.10068627
1632225720,43245.07,43300.36,43300.36,43245.07,0.0159623
1632225780,43303.62,43303.64,43303.62,43303.62,0.00315378
1632225840,43326.85,43339.25,43327.3,43339.25,0.25307526
1632225900,43339.23,44599.37,43339.23,43354.2,9.21926053
1632225960,43222.64,44599.37,43403.6,43222.64,0.01871015
1632226020,43406.41,44599.37,44599.37,43406.43,0.0161375
1632226080,43222.64,43406.41,43406.41,43222.64,0.00453375
1632226140,43465.3,44599.37,43465.31,44599.37,1.98186898
1632226200,43455.33,44599.37,44599.37,43455.33,1.00114345
1632226260,43455.33,43455.33,43455.33,43455.33,0.00023012
1632226320,43475.64,44599.37,44599.37,44599.37,0.00159685
1632226380,43509.48,44599.37,44599.37,43509.5,2.44492122
1632226440,43473.45,43529.2,43509.48,43473.45,3.14160722
1632226500,43428.71,43472.81,43472.81,43428.71,3.2
1632226560,43166.11,43519.03,43519.03,43166.11,4.64539102
1632226680,43214.82,43519.03,43519.03,43214.84,0.00138507
1632226740,43214.82,43519.03,43214.82,43300.72,0.39253912
1632226800,43300.7,43385.33,43300.7,43385.33,0.00115206
1632226860,43385.31,43520.02,43385.31,43388.63,4.61589956
1632226920,43113.15,43520.02,43520.02,43113.15,0.023849
1632226980,43298.5,44599.37,44599.37,43298.52,1.00114677
1632227040,43275.68,44599.37,43298.5,44599.37,0.9750526
1632227100,43261.54,44599.37,44599.37,43261.56,0.00160941
1632227160,43237.24,44599.37,43237.24,43291.39,0.00230249
1632227220,43291.37,44599.37,43291.37,43299.99,0.01260868
1632227340,43000,43256.67,43256.67,43000,0.03190872
1632227400,43000,43257.61,43256.67,43000,0.03510511
1632227460,43000,43503,43000,43318.28,0.17049068
1632227520,43318.26,43503,43318.26,43503,0.00388298
1632227580,43203.96,43503,43503,43203.98,0.00115445
1632227640,43199.33,43503.71,43203.96,43199.33,0.00392768
1632227700,43200.8,43220.92,43220.92,43200.82,0.01622653
1632227760,43200.8,43220.92,43200.8,43207.12,0.02393308
1632227820,42999.99,43220.92,43220.92,42999.99,0.00593681
1632227880,43149.69,43163.78,43163.34,43149.71,0.7946331
1632227940,43149.27,43149.69,43149.69,43149.27,0.00686615
1632228000,43149.27,43164.08,43149.27,43164.08,0.10260326
1632228060,43145.39,43164.06,43164.06,43145.39,0.28391446
1632228120,43097.44,43164.8,43164.8,43097.46,2.78115853
1632228180,43097.44,43676.97,43097.44,43207.31,0.54785133
1632228240,43176.29,43676.97,43207.29,43176.31,0.46569821
1632228300,42851,43676.97,43176.29,42851,0.00146014
1632228360,43237.98,43676.97,43676.97,43237.98,0.00339503
1632228420,43264.48,43683.77,43676.97,43683.77,0.9152127
1632228480,43269.31,43683.77,43683.77,43269.33,3.792536
1632228540,43269.31,43316.65,43269.31,43316.57,0.9218974
1632228600,43316.55,43342.7,43316.55,43342.7,2.18953953
1632228660,43318.25,43344.32,43323.48,43318.27,0.00230609
1632228720,43265.02,43344.32,43318.27,43265.02,0.91752293
1632228780,43285.45,43294.04,43292.69,43285.47,0.40230788
1632228840,43285.45,43294.04,43285.45,43289.49,0.91917116
1632228900,43271.53,43285.16,43285.16,43271.53,0.60115463
1632228960,43267.84,43271.51,43271.51,43267.84,0.24
1632229020,43210.31,43290.44,43290.44,43210.33,3.81138597
1632229080,43210.31,43290.44,43210.31,43290.44,0.000462
1632229140,43046.48,43164.01,43048,43161.03,0.03115717
1632229200,43161.01,43161.01,43161.01,43161.01,0.00023169
1632229200,43161.01,43161.01,43161.01,43161.01,0.00023169
1632229260,43154.64,43154.66,43154.64,43154.64,0.00115776
1632229380,43135.25,43164.01,43164.01,43135.27,0.00115771
1632229440,43135.25,43135.25,43135.25,43135.25,0.00023182
1632229500,43135.3,43138.97,43135.3,43138.97,0.18092638
1632229560,43114.82,43138.95,43138.95,43114.82,1.29139093
1632229680,43009.81,43116.51,43114.04,43009.81,14.80249752
1632229740,42929.12,43009.96,43009.81,42929.12,4.93162844
1632229800,42949.23,42949.23,42949.23,42949.23,0.00231674
1632229860,42949.23,42990.95,42949.23,42990.93,0.28884542
1632229920,43009.96,43049.71,43009.96,43049.69,2.29116032
1632229980,42981.42,43052.15,42981.42,43033.06,27.89185573
1632230040,43031.25,43033.04,43033.04,43031.25,0.19023237
1632230100,42904,43033.84,43031.25,42904.02,6.95116339
1632230160,42904,43033.84,42904,42968.71,0.00139506
1632230220,42968.69,43033.84,42968.69,42983.91,0.59122773
1632230280,42959.67,43035.05,42983.89,42959.69,1.89756009
1632230340,42959.67,42977.18,42959.69,42977.18,1.83684391
1632230400,42977.18,42990.26,42977.18,42990.26,1.31333336
1632230460,42990.26,43029.36,42990.26,43029.36,4.45353507
1632230520,43029.34,43029.34,43029.34,43029.34,0.00023239
1632230580,43029.79,43047.2,43029.79,43038.39,1.29232115
1632230640,43038.37,43038.37,43038.37,43038.37,0.00023235
1632230760,43039.37,43075.26,43039.37,43075.24,2.11324931
1632230820,43075.24,43094.29,43075.24,43094.27,0.90339153
1632230940,43079.24,43116.51,43116.51,43079.26,0.00278097
1632231000,43076.99,43116.37,43079.24,43076.99,0.00196966
1632231060,43116.37,43116.37,43116.37,43116.37,0.001
1632231120,42614.8,43116.37,43116.37,43000.01,0.00707613
1632231180,42614.8,43116.37,42999.99,42614.8,0.01849989
1632231300,42955.97,42986.33,42955.97,42986.33,0.2349023
1632231360,38938,43119.15,42986.31,38938,5.94382284
1632231420,38000,43119.15,42120,38000,0.01963406
1632231480,43119.15,43181.99,43119.15,43181.99,10.6737592
1632231540,43181.9,43182.07,43181.97,43181.9,0.01623448
1632231600,43178.07,43182.07,43181.9,43180,0.25498279
1632231660,43180,43225.8,43180,43225.8,17.40093467
1632231720,43178.07,43225.88,43225.78,43180.23,13.86241679
1632231780,39000,43225.88,43180.21,39000,7.77294108
1632231840,42120,43233.77,42120,42479,0.03744769
1632231900,42357.76,44599.37,43133.21,42365.86,7.68656344
1632231960,42351.86,44143.93,44088.32,43211.45,0.45838043
1632232020,37901.28,44028.38,43211.45,43200,5.64625427
1632232080,41040,43299.9,41040,43299.9,0.01622373
1632232140,43277.27,43375.92,43299.88,43277.29,5.75931394
1632232200,43277.27,43375.92,43277.27,43375.92,0.00069057
1632232260,39000,43273.41,43273.41,39000,4.36544474
1632232320,42120,43217.24,42120,43217.22,0.00683105
1632232380,43198.2,43198.22,43198.2,43198.2,0.00115661
1632232440,43182.78,43191.3,43182.78,43191.3,0.36208227
1632232500,43152.99,43193.74,43191.28,43152.99,2.77162042
1632232560,43178.48,43193.74,43193.74,43178.5,0.00115663
1632232620,43178.48,43193.74,43178.48,43187.2,0.00161959
1632232680,43143.27,43193.74,43193.74,43193.74,0.69208123
1632232800,43126.43,43198.43,43126.43,43130.37,0.30354625
1632232860,43079.17,43198.43,43130.37,43079.19,0.00674265
1632232920,43070,43198.43,43079.17,43070,0.00162326
1632232980,43000.01,43198.43,43198.43,43000.01,0.0342493
1632233040,42999.66,44282.4,43198.43,42999.66,0.03568943
1632233160,42738.33,44282.4,44282.4,44282.4,8.06078394
1632233220,42725.82,44292.95,42725.82,44292.95,0.76048779
1632233280,41000,44294.37,44292.95,42712.93,0.49787201
1632233340,42617.49,44294.37,42712.91,42617.49,0.47698515
1632233400,42600.79,42619.9,42619.9,42600.81,0.98092017
1632233460,42600.79,42675.66,42600.79,42675.66,3.71000819
1632233520,42634.89,42677.96,42675.64,42634.89,0.00164007
1632233580,42677.96,42677.96,42677.96,42677.96,0.001
1632233640,42608.16,42677.96,42677.96,42608.16,0.0014065
1632233700,42607.91,42639.95,42608.97,42639.95,3.29528471
1632233760,42607.91,42648.52,42639.93,42648.52,0.3775344
1632233820,42607.91,42649.2,42648.5,42607.91,0.0218451
1632233880,42607.91,42650.3,42607.91,42607.91,0.01820309
1632233940,42607.91,42704.78,42607.91,42703.65,4.5294606
1632234000,42703.43,42705.32,42703.63,42704.78,0.05559016
1632234060,42703.43,42800.06,42704.78,42800.04,7.94193092
1632234120,42771.57,42800.74,42800.74,42771.59,0.00116756
1632234180,42685.46,42800.74,42771.57,42685.48,3.02955136
1632234240,42685.46,42685.46,42685.46,42685.46,0.00023427
1632234360,42694.57,42731.71,42694.57,42731.71,0.3809352
1632234420,42688.03,42739.79,42731.69,42688.05,0.00280628
1632234480,40981.55,42688.03,42688.03,40981.55,2.00023425
1632234540,42229.63,42621.16,42229.63,42621.16,6.51093764
1632234600,42621.14,42739.79,42621.16,42739.79,0.00380274
1632234660,42229.42,44280,42229.42,44280,0.01413141
1632234720,42655.57,44280,44280,42655.59,0.0011623
1632234780,40778.42,42655.57,42655.57,40778.42,0.01023443
1632234900,42674.89,42674.89,42674.89,42674.89,0.00233164
1632234960,42674.89,42711.62,42674.89,42711.6,0.40883812
1632235020,42735.9,44280,44280,42735.9,0.05403611
1632235140,42558.64,44280,44280,42558.64,20.00139678
1632235200,39485,44599.37,42743.24,42653.98,1.4606599
1632235260,43200,43200,43200,43200,0.00376035
1632235380,42634.15,43632,43632,42634.15,0.99741156
1632235500,42559.09,42616.64,42616.64,42559.11,0.00541784
1632235560,42418.61,42420,42420,42418.61,0.01
1632235620,42594.26,42594.28,42594.26,42594.26,0.00117301
1632235680,42500.77,42616.64,42616.64,42521.52,0.00258384
1632235740,42521.5,42521.5,42521.5,42521.5,0.00023517
1632235800,42412.24,42531.57,42531.57,42412.26,0.00328175
1632235860,42412.24,42543.28,42412.24,42543.28,1.00023578
1632235920,42367.98,44599.37,42543.28,42368,8.00116705
1632235980,42367.98,44599.37,42367.98,42413.89,0.00163782
1632236040,42312.45,44599.37,44599.37,42312.47,1.00116829
1632236100,42287.65,42312.85,42312.47,42312.85,1.79424127
1632236160,42312.85,42413.59,42312.85,42413.59,9.3904704
1632236220,42413.57,42413.57,42413.57,42413.57,0.00023577
1632236280,42443.13,42735.97,42735.97,42735.97,0.01374251
1632236340,42402.6,42735.97,42402.6,42421.02,0.01656172
1632236400,42404.86,42423.01,42421,42423.01,1.50397123
1632236460,42423.01,42449.96,42423.01,42449.96,2.28074186
1632236520,42449.94,42519.93,42449.94,42519.93,4.0425871
1632236580,42513.88,42521.99,42519.91,42521.99,0.10436343
1632236640,42521.97,42521.97,42521.97,42521.97,0.00023517
1632236700,42436.77,42503.98,42436.77,42503.98,5.62094022
1632236760,42503.96,42517.09,42503.96,42517.07,1.36258583
1632236880,42517.32,42735.97,42517.32,42562.72,1.73234735
1632236940,42562.7,42735.97,42562.7,42607.31,0.00281346
1632237000,42607.29,42642.32,42607.29,42642.3,3.07140636
1632237060,42600.04,42643.86,42643.86,42606.19,0.56257894
1632237120,42585.01,42643.86,42606.17,42621.3,0.74281374
1632237180,42611.02,42643.86,42621.28,42611.04,0.00281248
1632237240,42566.23,42643.86,42611.02,42597.6,1.79281474
1632237300,42597.58,42597.58,42597.58,42597.58,0.00023475
1632237420,42598.8,42598.8,42598.8,42598.8,0.00201322
1632237540,42590.33,42598.8,42598.8,42590.35,0.51318586
1632237600,42590.33,42614.21,42590.33,42614.19,1.71140725
1632237720,42590.26,42614.21,42590.26,42614.21,0.00140735
1632237780,42614.21,42628.94,42614.21,42628.92,0.82046934
1632237840,42618.19,42628.96,42618.19,42628.96,0.0014065
1632237900,42649.11,42652.06,42649.11,42652.06,0.31093696
1632237960,42652.04,42672.61,42652.04,42672.61,0.91234223
1632238020,42672.59,42679.26,42672.59,42672.97,0.26257538
1632238080,42672.95,42672.95,42672.95,42672.95,0.00023434
1632238140,42665.14,42679.26,42679.26,42665.15,0.00140447
1632238200,42665.14,42671.88,42665.14,42671.88,0.59070298
1632238260,42671.86,42678.26,42671.86,42678.26,0.30117074
1632238320,42678.24,42678.24,42678.24,42678.24,0.00023431
1632238500,42682.85,42682.85,42682.85,42682.85,0.00351429
1632238560,42683.3,42683.3,42683.3,42683.3,0.00023311
1632238620,42683.3,42684.39,42683.3,42684.39,0.05210149
1632238680,42684.39,42684.39,42684.39,42684.39,0.0076654
1632238800,43055.45,43110.12,43110.12,43055.46,1.00115972
1632238860,42983.42,43110.13,43055.45,42988.84,30.47184311
1632238920,42987.16,43110.13,42988.82,42987.16,25.47580581
1632238980,43033.72,43110.13,43110.13,43033.73,27.73048636
1632239040,43009.4,43110.12,43033.72,43048.5,0.00701678
1632239100,43042.7,43100.75,43048.49,43042.72,5.60948018
1632239160,39000,43152.46,43042.7,43152.46,7.74717071
1632239280,42120,42120,42120,42120,0.00186345
1632239340,36790,43152.72,43152.46,43042.39,0.1119406
1632239400,39960,43042.39,43042.39,42120,0.02938146
1632239460,43008.24,44599.37,43042.39,44599.37,51.06733863
1632239520,42990.82,44599.37,44599.37,43100.11,0.25139105
1632239580,43067.39,44599.37,43100.09,43067.39,0.00161593
1632239640,43020,44599.37,44599.37,43040.59,0.00253753
1632239700,43036.56,43060.71,43040.57,43036.56,0.0016251
1632239760,43030.32,43050.81,43036.78,43030.34,28.48377327
1632239820,43030.32,44599.37,43030.34,43035.83,27.03224895
1632239880,43035.81,44599.37,43035.83,43081.09,1.94749494
1632239940,43052.64,44599.37,43081.09,43052.64,0.35433867
1632240000,43057.28,43075.34,43057.62,43057.3,1.09231978
1632240060,43057.28,43075.34,43057.28,43072.1,0.01538481
1632240120,43072.08,43096.72,43072.08,43096.72,2.12069598
1632240180,43096.7,43142.34,43096.7,43142.32,2.76162151
1632240240,43142.37,43181.88,43142.37,43181.88,1.41092546
1632240300,43181.86,43208.63,43181.86,43208.63,1.56115645
1632240360,43208.61,43230.15,43208.61,43230.15,1.52161809
1632240480,38801,43232.17,43230.15,43177.21,7.53572357
1632240540,43102.84,43177.21,43153.35,43102.86,0.00231615
1632240600,43060.39,43102.84,43102.84,43060.41,0.70116008
1632240660,38999.4,43177.21,43060.39,41277.6,0.01145987
1632240720,38999.4,43178,38999.4,43178,0.01109867
1632240780,43054.36,43178,43178,43178,0.01340486
1632240840,43050,43178,43178,43050,0.00139176
1632240900,43000.01,43000.01,43000.01,43000.01,0.0233715
1632240960,42919.99,43000.01,42933.61,42920.01,0.00232697
1632241020,42885.3,43000.01,42919.99,43000.01,0.00209434
1632241140,43000.01,43000.77,43000.01,43000.77,0.11569931
1632241320,42790.15,42790.15,42790.15,42790.15,0.09
1632241380,42790.48,42790.48,42790.48,42790.48,0.06
1632241440,42791.56,42964.66,42791.56,42964.66,6.75093014
1632241500,42964.64,44599.37,42964.66,44599.37,0.02297344
1632241560,42651.39,44151.53,42670,42940.05,4.11284866
1632241620,42919.99,44151.53,42940.03,42920.01,0.00277909
1632241680,42640.5,44151.53,42919.99,44151.53,0.50124953
1632241800,42997.12,43039.41,43039.41,42997.58,0.00255589
1632241860,42923.42,42997.58,42997.58,42923.44,5.17116319
1632241920,42923.42,42997.58,42923.42,42997.58,0.00046512
1632242040,42770,42997.58,42997.58,42770.02,1.21256587
1632242100,42770,42770,42770,42770,0.0002338
1632242160,42241.4,44152,44151.53,42241.4,0.02
1632242220,42752.16,44152.67,42752.16,42778.61,0.00532893
1632242280,42778.59,43825.26,42778.59,42804.82,0.00279059
1632242340,42804.8,43825.26,42804.8,42807.81,0.00162853
1632242400,42233.17,42686.3,42686.3,42233.17,0.54826308
1632242520,42561.67,42686.29,42618.26,42561.69,0.00234514
1632242580,42561.67,42686.29,42561.67,42578.12,0.00164123
1632242640,42108.89,42686.3,42578.1,42664.14,0.04760435
1632242700,42664.12,42697.15,42664.14,42697.15,0.54101958
1632242760,42260.39,43826.74,43825.25,42260.39,0.02663533
1632242820,42649.36,42649.38,42649.38,42649.38,0.00393702
1632242880,42649.36,43826.74,42649.36,43826.74,0.00046223
1632243000,42660,42660.36,42660,42660.36,0.00140519
1632243060,42553.14,42688.49,42660.36,42553.16,8.5121094
1632243120,42553.14,42688.49,42553.14,42688.49,0.00046883
1632243180,42475.24,42688.49,42688.49,42475.26,0.00117469
1632243240,41796.37,42475.24,42475.24,41796.37,0.00262798
1632243300,41796.39,42496.8,41796.39,42496.78,0.00717569
1632243540,42444.2,42497.17,42460.28,42444.22,0.00353089
1632243600,42444.2,42467.17,42444.22,42467.15,0.47375992
1632243660,42440.26,43827,43826.99,42440.28,0.0115565
1632243720,42440.26,43827,42440.26,43827,0.00046337
1632243780,42360.08,42360.1,42360.08,42360.08,0.00117949
1632243840,42384.74,43505.54,43505.54,42384.74,0.00140823
1632243900,42409.27,42449.26,42409.27,42449.26,0.20094144
1632243960,42444.08,42550.3,42449.24,42550.3,6.77235193
1632244020,42550.28,42550.28,42550.28,42550.28,0.00023501
1632244080,42404.52,43505.54,43505.54,42404.54,3.10117188
1632244140,42404.52,42404.52,42404.52,42404.52,0.00023582
1632244200,42442.96,42467.06,42442.96,42467.06,0.35329659
1632244260,42385.04,42467.43,42467.04,42385.06,5.67400518
1632244320,42385.04,42467.43,42385.04,42392.01,0.00164957
1632244380,42364.07,42467.43,42467.43,42364.09,0.67117837
1632244440,42308.15,42467.43,42364.07,42308.17,0.01483234
1632244500,42308.15,42390.26,42308.15,42390.26,0.0911791
1632244560,42390.24,42390.32,42390.24,42390.32,0.00047137
1632244620,42351.9,42390.32,42390.32,42351.92,3.03923033
1632244680,42351.9,42397.14,42351.9,42397.12,0.25289237
1632244740,42392.93,42398.18,42392.93,42398.18,0.00218502
1632244800,42325.2,42351.78,42351.78,42325.22,1.5309442
1632244860,42286.26,42326.35,42325.2,42286.26,2.51165363
1632244920,42207.98,42326.35,42326.35,42207.98,4.03141957
1632244980,42221.11,42326.35,42326.35,42326.35,0.00165502
1632245040,41800,41912,41912,41800,0.53821566
1632245100,41936.09,42326.35,42326.35,41945.63,0.00166519
1632245160,41945.63,41945.63,41945.63,41945.63,0.00101719
1632245220,41945.63,42502,41945.63,42217.32,6.77211369
1632245280,42201.28,42502,42217.32,42201.3,0.00141868
1632245340,42105.3,42502,42201.28,42105.32,0.00284168
1632245400,42018.29,42502,42105.3,42018.31,0.002844
1632245460,42018.29,42112.19,42018.29,42112.19,6.76118697
1632245520,42112.17,42131.52,42112.17,42131.5,0.72142335
1632245580,42096.4,42502,42112.45,42096.42,0.00237061
1632245640,42096.4,42096.4,42096.4,42096.4,0.00023755
1632245700,42749.61,42749.61,42749.61,42749.61,0.00233104
1632245760,41860.2,42749.61,42749.61,41860.2,8.22500428
1632245820,41893.75,42749.61,42749.61,41893.77,0.00118741
1632245880,41893.75,42749.61,41893.75,42749.61,0.00047218
1632246000,41841.16,42749.61,42749.61,41858.87,0.00166604
1632246120,41798.92,41800,41800,41798.92,4.62541335
1632246180,41729.63,41858.92,41858.92,41729.65,4.50246082
1632246240,41729.63,41858.92,41729.63,41819.76,0.00167217
1632246300,41815.15,41858.92,41819.76,41858.92,0.00429375
1632246420,41742.11,41808.64,41808.64,41742.13,0.20263107
1632246480,41672.62,41808.64,41742.11,41672.64,0.00879117
1632246540,41672.62,41808.64,41672.62,41808.64,0.00047871
1632246600,41808.64,41808.64,41808.64,41808.64,0.0023835
1632246780,41618.95,41771.61,41771.61,41618.95,0.10143945
1632246840,41531.85,41775.13,41771.61,41531.87,0.20219171
1632246900,41531.85,41809,41531.85,41809,0.20024077
1632246960,41649.38,42189.32,41649.38,42189.32,0.2
1632247020,41656.56,42189.32,42189.32,41656.56,0.00143599
1632247080,42189.32,42189.32,42189.32,42189.32,0.00123704
1632247140,41640.2,42189.32,42189.32,41640.22,0.0064252
1632247200,41640.2,42196.32,41640.2,42196.32,0.53153544
1632247200,41640.2,42196.32,41640.2,42196.32,0.53153544
1632247260,41808.24,41826.47,41808.24,41826.47,0.43214858
1632247320,41826.45,42262.99,41826.45,41903.63,0.0016676
1632247380,41912.1,41912.12,41912.1,41912.1,0.00221009
1632247440,41841.53,42262.99,42262.99,41841.55,0.00119128
1632247500,37886,42262.99,41841.53,41951.46,7.28075468
1632247560,41887.56,41952.35,41951.44,41915.13,4.82286063
1632247620,41915.11,41952.35,41915.11,41937.28,0.42696042
1632247680,41937.26,41955.35,41937.26,41955.35,0.20291191
1632247740,41955.33,41957.17,41955.33,41957.17,0.0012439
1632247800,41902.01,41957.17,41957.17,41957.17,0.54148212
1632247920,42120,42335.86,42120,42335.84,6.65466113
1632247980,42250.31,42391.1,42391.1,42250.33,0.00118133
1632248040,42250.31,42391.1,42250.31,42391.1,0.00047215
1632248100,42305.78,42391.1,42391.1,42385.63,0.24791234
1632248160,42385.61,42611.72,42385.61,42611.7,0.40727599
1632248220,42613.12,42729.44,42613.12,42729.44,6.89562374
1632248280,42625.96,42763.75,42729.42,42625.98,0.00140497
1632248340,42625.96,42763.75,42625.96,42712.2,0.00163707
1632248400,42620.98,42763.74,42712.19,42762.96,0.00384659
1632248460,42762.94,42762.94,42762.94,42762.94,0.00023384
1632248520,42626.61,42737.28,42737.28,42665.64,0.00257589
1632248580,42620.63,42737.28,42665.62,42620.63,0.0016402
1632248700,42579.71,42579.73,42579.71,42579.71,0.00516636
1632248880,42449.95,42737.63,42737.63,42449.97,0.00117498
1632248940,42449.95,42449.95,42449.95,42449.95,0.00023557
1632249000,42345.47,42737.63,42737.63,42418.47,0.00258913
1632249060,42243.06,42737.63,42418.45,42243.08,5.54283137
1632249120,42170.74,42244.27,42243.06,42194.75,0.90821205
1632249180,42159.8,42333.41,42194.73,42333.41,0.00189416
1632249240,42173.53,42173.53,42173.53,42173.53,0.00617569
1632249300,42208.5,42333.41,42333.41,42283.3,0.0047186
1632249360,42224.23,42333.41,42283.28,42224.25,0.64283792
1632249420,42224.23,42279.64,42224.23,42265.05,2.42236389
1632249480,42265.03,42265.03,42265.03,42265.03,0.0002366
1632249540,42206.31,42232.27,42232.27,42206.31,1.34142015
1632249600,42159.11,42232.27,42205.15,42232.27,3.06382146
1632249660,42174.8,42232.27,42232.27,42174.82,1.7697062
1632249720,42170.45,42197.31,42174.8,42197.31,0.31189499
1632249780,42197.31,42197.32,42197.31,42197.32,0.00175698
1632249840,42197.32,42224.62,42197.32,42224.62,1.34047981
1632249900,42224.19,42224.62,42224.61,42224.19,0.01165651
1632249960,42099.92,42224.62,42224.62,42131.63,6.82516425
1632250020,42131.63,42145.23,42131.63,42145.23,0.99697887
1632250080,42145.23,42145.23,42145.23,42145.23,0.00206501
1632250200,42141.22,42145.23,42141.22,42145.23,0.01240009
1632250260,42145.23,42145.23,42145.23,42145.23,0.00023727
1632250320,42345.87,42345.89,42345.87,42345.89,0.00094374
1632250380,42345.87,42345.87,42345.87,42345.87,0.00023615
1632250560,42221.27,42559,42559,42221.29,0.00118106
1632250620,42137.66,42559,42221.27,42137.66,0.00367031
1632250800,42289.99,42559,42559,42290.01,0.00223195
1632250860,42289.99,42559,42289.99,42559,0.00447992
1632250920,41755,42559,42559,41755,0.00367051
1632250980,42246.21,42559,42559,42246.23,0.00141602
1632251040,42246.21,42382.85,42246.21,42382.85,0.00217962
1632251100,42315.1,42559,42382.83,42559,0.05191481
1632251160,42261.16,42287.11,42286.15,42261.18,2.41236321
1632251220,42260.98,42287.11,42261.16,42260.98,0.00070929
1632251280,42223.41,42260.98,42260.98,42223.43,2.84094549
1632251340,42223.22,42287.11,42223.41,42223.22,0.00189287
1632251460,42145.91,43024.74,42223.22,42145.93,0.01073816
1632251520,42122.16,42154.03,42145.91,42154.03,1.90938248
1632251580,42154.03,42190.42,42154.03,42190.42,1.95210185
1632251640,41753.02,42209.25,42190.42,41753.04,5.93508856
1632251700,41713.35,42211.49,41753.04,42211.49,1.42078488
1632251760,41914.57,42211.49,42211.49,41914.59,0.00118993
1632251820,41831.38,41915.59,41914.57,41900.54,5.53286303
1632251880,41888.88,41915.59,41900.52,41888.9,0.00143082
1632251940,41888.88,41888.88,41888.88,41888.88,0.00023872
1632252000,41778.85,41915.59,41915.59,41915.59,1.30328697
1632252060,41869.96,41869.98,41869.96,41869.96,0.00119329
1632252180,41870.15,42455,42455,41870.15,0.00286065
1632252240,41903.63,41903.65,41903.65,41903.63,0.00142979
1632252300,41858.42,42455,42455,41858.42,0.00354085
1632252360,41884.29,42455,42455,41899.8,0.20261691
1632252420,41899.78,41904.42,41899.78,41904.42,0.20023866
1632252480,41904.42,41905.97,41904.42,41905.97,0.10402644
1632252600,41905.97,42052.21,41905.97,42052.21,6.99835268
1632252660,42052.19,42455,42052.19,42063.72,0.00367392
1632252720,42030.52,42065.13,42063.72,42030.52,2.51166376
1632252780,42030.4,42030.4,42030.4,42030.4,0.001
1632252840,42065.13,42360.37,42065.13,42360.37,6.97070611
1632252900,42030.4,43024.75,42360.35,43024.75,0.02519422
1632253020,41820.01,41820.01,41820.01,41820.01,0.00023911
1632253080,41820.01,41820.01,41820.01,41820.01,0.001
1632253140,42206.84,43024.74,43024.74,42206.85,0.00117884
1632253200,42201.34,43024.74,42206.84,43024.74,1.00188483
1632253260,41770.74,43037.55,43024.74,42291.17,15.98255108
1632253320,42291.17,42291.17,42291.17,42291.17,0.00023645
1632253380,42291.19,42335.85,42291.19,42335.85,2.32783302
1632253440,42257.77,42335.85,42335.83,42272.35,1.93353521
1632253500,42272.33,42335.85,42272.33,42335.85,0.00188998
1632253680,42183.82,42335.85,42335.85,42183.84,1.00260331
1632253740,42183.82,42348.76,42183.82,42348.76,0.9947538
1632253800,42128.99,42348.76,42348.76,42128.99,1.00343487
1632253860,42348.76,42348.76,42348.76,42348.76,0.00402958
1632253920,42080.56,43199.99,43199.99,42117.46,0.00497149
1632253980,42102.38,43199.99,42117.44,42102.39,0.00283414
1632254040,42102.38,43199.99,42102.38,42150.67,0.02428502
1632254100,42150.65,43219,42150.67,43219,0.97586582
1632254160,42085.85,43219,42085.85,42137.51,0.00236652
1632254220,38000,42228.92,42137.51,42212.55,17.71253559
1632254280,37165.33,43442.47,42212.54,37165.33,1.03890385
1632254340,40678.99,42084.05,40678.99,42084.05,2.06198345
1632254400,42084.03,42084.05,42084.05,42084.03,2.00260551
1632254520,42054.36,42120,42120,42054.38,0.00118727
1632254580,42054.36,42120,42054.36,42120,0.00189815
1632254640,42120,42215.85,42120,42215.85,5.99425462
1632254700,37994,42264.79,42004,42264.79,6.11637289
1632254760,42264.77,42264.77,42264.77,42264.77,0.0002366
1632254880,41040,42193.19,41040,42193.19,7.32765067
1632254940,42118.42,42375.14,42193.17,42118.44,0.00165826
1632255000,42074.25,42138.44,42118.42,42074.25,0.00166179
1632255060,41915.31,42138.44,42138.44,41915.33,0.00261639
1632255120,41756.88,42138.44,41915.31,41756.9,0.00286576
1632255180,41756.88,42138.44,41756.88,41803.77,0.00406451
1632255240,41832.17,42139.18,42138.44,42139.18,0.08301825
1632255300,41776.78,42139.18,42139.18,41777,0.00604978
1632255360,41681.41,41777,41777,41681.43,0.00119771
1632255420,41681.41,41777,41681.41,41707.61,0.00167595
1632255480,41707.59,41841.53,41707.59,41841.53,4.60473186
1632255540,41841.51,41847.91,41841.51,41847.91,0.95119397
1632255600,41847.89,41969.79,41847.91,41969.79,1.9047659
1632255660,41915.04,42375.14,41969.77,41915.04,0.00166581
1632255720,41859.74,43442.47,41915.06,41859.76,0.06079391
1632255780,41859.74,43442.93,41859.74,43442.93,0.05323558
1632255840,43225,43442.93,43442.93,43442.93,0.00115199
1632255900,43225,43225,43225,43225,0.00023134
1632255960,41828.87,43442.93,43442.93,41828.89,0.01946646
1632256020,41711.61,41828.89,41828.89,41711.61,0.00143647
1632256080,41712.07,41712.07,41712.07,41712.07,0.0023926
1632256140,41657.25,41712.07,41712.07,41657.25,12.52376427
1632256200,41636.56,41712.07,41657.25,41636.56,7.10167934
1632256260,41554.51,41636.58,41636.58,41554.53,1.70120144
1632256320,41554.51,41554.51,41554.51,41554.51,0.00024064
1632256380,41328.58,41636.58,41328.58,41356.94,0.00604455
1632256440,41303.71,41636.58,41356.92,41303.73,0.00386221
1632256500,41303.71,41636.58,41303.73,41319.97,0.00410365
1632256560,41237.5,41237.52,41237.5,41237.52,0.0009691
1632256620,41218.04,41636.58,41237.5,41254.45,2.2126631
1632256680,41212.88,41254.43,41254.43,41212.88,0.20267296
1632256740,41150.51,41212.88,41212.88,41150.53,4.19854059
1632256800,41149.23,41256.83,41150.53,41149.23,0.10435983
1632256860,41143.93,41256.83,41149.23,41154.69,0.1024269
1632256920,41064.45,41256.83,41154.67,41064.47,6.93150717
1632256980,41005.98,41148.97,41064.45,41005.98,1.20316552
1632257040,35000,41163.86,40984.23,41056.01,5.94246027
1632257100,32000,41193.43,41056.01,37800,2.12657954
1632257160,28200,37800,31496,31320,0.05488199
1632257220,26194.12,31320,29000,31320,0.23436975
1632257280,26193.71,29000,29000,28296,0.10541632
1632257400,29160,34776,29160,34776,5.89341929
1632257520,35640,38880,35640,36000,0.35689708
1632257580,39960,41040,39960,41040,8.36918686
1632257640,41040,41040,41040,41040,0.00243178
1632257760,40799.6,41040,41040,40799.6,0.20391671
1632257820,35999.37,41285.51,41040,40819.79,0.15378352
1632257880,40818.9,40819.77,40819.77,40818.9,0.10268663
1632257940,40819.99,41032.21,40819.99,41032.19,7.77364991
1632258000,40818.9,42120,40818.9,42120,0.04122597
1632258060,40794.04,42120,42120,40794.06,1.59270001
1632258120,40792.99,48786.85,40794.04,48786.85,1.31510326
1632258180,40755.99,47595,47595,40756.03,6.00924663
1632258240,40698.99,44280,40755.99,40739,0.17865016
1632258300,40739,40739,40739,40739,0.00244608
1632258360,40624.86,40739,40739,40739,1.00417867
1632258420,40679.55,40679.57,40679.55,40679.57,0.0009824
1632258480,40679.55,40680.39,40679.55,40680.39,0.00049119
1632258540,40455.94,40680.39,40680.39,40475.65,8.70550169
1632258600,40475.63,40680.39,40475.63,40680.39,0.00575771
1632258720,40503.07,40680.39,40680,40556.65,2.0024643
1632258780,40407.96,40556.63,40556.63,40407.98,5.88247288
1632258840,40342.47,40558.49,40407.96,40357.85,0.00579937
1632258900,40325.09,40558.49,40357.85,40325.11,0.00543751
1632258960,40325.09,40325.11,40325.11,40325.09,0.00469139
1632259020,40109.64,40325,40325,40109.66,1.00099634
1632259080,39809.72,40114.52,40109.64,39809.74,7.20619565
1632259140,39809.72,40114.52,39809.72,40114.52,0.00735491
1632259200,39604.68,40114.52,40114.52,39604.68,0.00541896
1632259320,40114.52,41719.1,40114.52,41719.1,8.74091325
1632259380,40827.44,41719.1,41719.1,40827.46,1.00752084
1632259440,40827.44,41730.28,40827.44,41730.28,0.97767721
1632259500,39555.5,41739.24,40938.38,41739.24,1.97587318
1632259560,41739.74,41739.74,41739.74,41739.74,0.00746143
1632259680,40965.26,42157.13,42157.13,40965.28,0.00510313
1632259740,40965.26,42157.13,40965.26,42157.13,0.00048088
1632259980,41235.92,41235.94,41235.92,41235.92,0.00121164
1632260040,41435.01,41435.03,41435.01,41435.03,0.00096448
1632260100,41390.5,42157.44,41435.01,41390.5,0.00168523
1632260160,41222.69,42157.44,42157.44,41222.71,0.00120621
1632260220,41222.69,41262.08,41222.69,41262.08,0.0012111
1632260280,41151.14,41262.29,41262.06,41151.16,6.98290956
1632260340,41151.14,41262.29,41151.14,41237.36,0.00169592
1632260400,41213.66,41262.29,41237.34,41213.66,0.00169669
1632260460,41186.37,41262.29,41262.29,41244.59,0.00266585
1632260520,41227.37,41262.29,41244.57,41227.37,0.00169625
1632260580,42158,42158,42158,42158,0.00236729
1632260640,41569,41569.02,41569,41569.02,0.00096138
1632260700,41569,42158.29,41569,42158.29,0.10556525
1632260760,41653.48,42158.29,42158.29,41653.5,0.00358012
1632260820,41653.48,42158.29,41653.48,42158.29,0.00047684
1632260880,42579.87,42579.87,42579.87,42579.87,0.00234383
1632260940,41503.88,42326,41581,42326,9.19923999
1632261000,41416.69,42326,42326,41416.71,1.74120073
1632261060,41416.69,42326,41416.69,41493.35,0.00288607
1632261120,41493.33,42326,41493.33,41670.25,0.00360377
1632261180,41563.82,42326,41670.23,41563.82,0.00408302
1632261240,41564.3,41567.99,41564.3,41567.99,0.15396138
1632261300,41543.72,41569.46,41567.99,41543.74,1.33407931
1632261360,41493.8,41569.46,41543.72,41493.82,3.66144393
1632261420,41493.8,41493.8,41493.8,41493.8,0.00024099
1632261480,41394.97,42579.87,41493.52,41394.99,0.00144085
1632261540,41394.97,42579.87,41394.97,41428.1,0.00167432
